file,S47_PH2:S47_SNARES,S47_PH2:STX3_SNARES,S47_PH2:SYB_SNARES,Syt:S47_SNARES,Syt:STX3_SNARES,Syt:SYB_SNARES,S47_PH1:PH2_SNARES,S47_PH1:S47_SNARES,S47_PH1:STX3_SNARES,S47_PH1:SYB_SNARES,S47_PH1:Syt_SNARES
fold_1_snap47_fl_stx3_sn_syb2_sn_cpx_trun_syt1_c2ac2b_model_0.cif,0,82.91,0,44.25,248.63,0,419.55,0,48.08,0,276.75
fold_10_snap47_fl_stx3_sn_syb2_sn_cpx_trun_syt1_c2ac2b_model_0.cif,261.68,0,156.42,1088.7,26.07,0,0,5.16,33.43,0,23.66
fold_11_snap47_fl_stx3_sn_syb2_sn_cpx_trun_syt1_c2ac2b_model_0.cif,433.29,1.13,0,702.79,312.79,0,0,0,0,0,284.3
fold_12_snap47_fl_stx3_sn_syb2_sn_cpx_trun_syt1_c2ac2b_model_0.cif,45.21,134.17,0,393.46,0,0,246.4,0,0,0,633.76
fold_13_snap47_fl_stx3_sn_syb2_sn_cpx_trun_syt1_c2ac2b_model_0.cif,486.94,92.45,0,193.19,319.4,0,0,65.89,53.33,0,377.1
fold_14_snap47_fl_stx3_sn_syb2_sn_cpx_trun_syt1_c2ac2b_model_0.cif,0,0,0,293.79,319.27,0,277.19,19,0,0,546.52
fold_15_snap47_fl_stx3_sn_syb2_sn_cpx_trun_syt1_c2ac2b_model_0.cif,17.31,60.55,0,316.94,0,0,289.89,0,0,0,524.91
fold_16_snap47_fl_stx3_sn_syb2_sn_cpx_trun_syt1_c2ac2b_model_0.cif,448.48,184,0,289.32,0,214.01,0,0,62.54,0,0
fold_17_snap47_fl_stx3_sn_syb2_sn_cpx_trun_syt1_c2ac2b_model_0.cif,395.43,90.37,0,433.85,0,79.33,0,0,52.35,0,0
fold_18_snap47_fl_stx3_sn_syb2_sn_cpx_trun_syt1_c2ac2b_model_0.cif,12.85,0,0,828.89,0,0,0,58.56,174.44,0,0
fold_19_snap47_fl_stx3_sn_syb2_sn_cpx_trun_syt1_c2ac2b_model_0.cif,14.22,45.5,0,333.19,0,0,228.16,0,0,0,669.57
fold_2_snap47_fl_stx3_sn_syb2_sn_cpx_trun_syt1_c2ac2b_model_0.cif,21.92,276.02,0,0,34.59,0,0,0,42.84,0,494.82
fold_20_snap47_fl_stx3_sn_syb2_sn_cpx_trun_syt1_c2ac2b_model_0.cif,463.1,70.19,0,469.04,0,189.68,0,0,57.6,0,0
fold_21_snap47_fl_stx3_sn_syb2_sn_cpx_trun_syt1_c2ac2b_model_0.cif,0,0,0,264.27,0,0,221.79,0,0,0,362.7
fold_22_snap47_fl_stx3_sn_syb2_sn_cpx_trun_syt1_c2ac2b_model_0.cif,90.64,166.82,0,52.59,0,0,248.56,0,0,0,606.34
fold_23_snap47_fl_stx3_sn_syb2_sn_cpx_trun_syt1_c2ac2b_model_0.cif,175.48,246.9,0,681.83,0,317.25,247.57,0,0,0,0
fold_24_snap47_fl_stx3_sn_syb2_sn_cpx_trun_syt1_c2ac2b_model_0.cif,0,0,0,60.56,697.96,0,256.21,0,0,0,0
fold_25_snap47_fl_stx3_sn_syb2_sn_cpx_trun_syt1_c2ac2b_model_0.cif,0,9.01,0,286.49,0,0,228.91,0,0,0,623.41
fold_26_snap47_fl_stx3_sn_syb2_sn_cpx_trun_syt1_c2ac2b_model_0.cif,0,0,0,332.02,416.7,0,226.41,0,0,0,162.36
fold_27_snap47_fl_stx3_sn_syb2_sn_cpx_trun_syt1_c2ac2b_model_0.cif,138.88,0,62.86,171.04,388.4,0,0,12.08,0,0,465.43
fold_28_snap47_fl_stx3_sn_syb2_sn_cpx_trun_syt1_c2ac2b_model_0.cif,473.21,57.86,0,1045.2,5.06,108.13,0,0,117.11,0,0
fold_29_snap47_fl_stx3_sn_syb2_sn_cpx_trun_syt1_c2ac2b_model_0.cif,106.34,112.96,0,1034.5,0,0,228.51,0,0,0,169.29
fold_3_snap47_fl_stx3_sn_syb2_sn_cpx_trun_syt1_c2ac2b_model_0.cif,0,0,0,249.68,329.31,0,224.03,9.92,0,0,594.86
fold_30_snap47_fl_stx3_sn_syb2_sn_cpx_trun_syt1_c2ac2b_model_0.cif,90.44,114.22,0,396.97,0,0,219.95,0,0,0,569.48
fold_31_snap47_fl_stx3_sn_syb2_sn_cpx_trun_syt1_c2ac2b_model_0.cif,0,0,0,129.77,324.64,0,253.13,0,0,0,630.89
fold_32_snap47_FL_stx3_sn_syb2_sn_cpx_trun_syt1_c2ac2b_model_0.cif,34.23,71.57,0,322.98,0,0,234.59,0,0,0,619
fold_33_snap47_FL_stx3_sn_syb2_sn_cpx_trun_syt1_c2ac2b_model_0.cif,0,0,0,122.82,586.2,0,242.35,0,0,0,33.71
fold_34_snap47_FL_stx3_sn_syb2_sn_cpx_trun_syt1_c2ac2b_model_0.cif,256.52,164.88,0,616.63,0,0,223.86,0,0,0,275.26
fold_35_snap47_FL_stx3_sn_syb2_sn_cpx_trun_syt1_c2ac2b_model_0.cif,234.28,0,216.63,693.65,0,417.02,0,37.77,181.58,0,0
fold_36_snap47_FL_stx3_sn_syb2_sn_cpx_trun_syt1_c2ac2b_model_0.cif,136.03,242.78,0,354.05,0,0,230.65,0,0,0,547.06
fold_37_snap47_FL_stx3_sn_syb2_sn_cpx_trun_syt1_c2ac2b_model_0.cif,44.66,68.65,0,297.12,0,0,231.75,0,0,0,487.26
fold_38_snap47_FL_stx3_sn_syb2_sn_cpx_trun_syt1_c2ac2b_model_0.cif,79.05,0,0,178.72,398.02,0,0,0,3.65,0,348.82
fold_39_snap47_FL_stx3_sn_syb2_sn_cpx_trun_syt1_c2ac2b_model_0.cif,42.62,121.26,0,406.36,0,0,201.62,0,0,0,520.65
fold_4_snap47_fl_stx3_sn_syb2_sn_cpx_trun_syt1_c2ac2b_model_0.cif,344.8,40.16,0,547.1,0,79.54,0,6.33,53.48,0,0
fold_40_snap47_FL_stx3_sn_syb2_sn_cpx_trun_syt1_c2ac2b_model_0.cif,366.85,199.59,0,636.18,0,76.77,233.54,0,0,0,0
fold_41_snap47_FL_stx3_sn_syb2_sn_cpx_trun_syt1_c2ac2b_model_0.cif,0,0,0,54.57,477.63,61.76,283.33,0,0,0,638.26
fold_42_snap47_FL_stx3_sn_syb2_sn_cpx_trun_syt1_c2ac2b_model_0.cif,0,0,0,497.65,302.77,0,266.94,0,0,0,215.12
fold_43_snap47_FL_stx3_sn_syb2_sn_cpx_trun_syt1_c2ac2b_model_0.cif,478.23,82.13,0,46.27,275.43,0,0,49.27,0,0,639.09
fold_44_snap47_FL_stx3_sn_syb2_sn_cpx_trun_syt1_c2ac2b_model_0.cif,0,0,0,495.82,296.36,0,285.76,0,0,0,111.47
fold_45_snap47_FL_stx3_sn_syb2_sn_cpx_trun_syt1_c2ac2b_model_0.cif,0,0,0,214.77,295.71,0,246.8,0,0,0,628.42
fold_46_snap47_fl_stx3_sn_syb2_sn_cpx_trun_syt1_c2ac2b_model_0.cif,0,0,0,417.86,416.98,0,235.35,0,0,0,68.9
fold_47_snap47_fl_stx3_sn_syb2_sn_cpx_trun_syt1_c2ac2b_model_0.cif,247.01,167.35,0,413.47,0,0,238.86,0,0,0,253.12
fold_48_snap47_fl_stx3_sn_syb2_sn_cpx_trun_syt1_c2ac2b_model_0.cif,205.59,220.24,0,263.49,0,0,287.7,0,0,0,86.25
fold_49_snap47_fl_stx3_sn_syb2_sn_cpx_trun_syt1_c2ac2b_model_0.cif,57.1,92.46,0,363.43,0,0,291.63,0,0,0,828.04
fold_5_snap47_fl_stx3_sn_syb2_sn_cpx_trun_syt1_c2ac2b_model_0.cif,0,0,0,452.01,703.58,0,235.27,409.04,0,5.5,79.27
fold_50_snap47_fl_stx3_sn_syb2_sn_cpx_trun_syt1_c2ac2b_model_0.cif,142.12,0,149.63,510,49.15,14.31,0,0,6.64,0,94.04
fold_6_snap47_fl_stx3_sn_syb2_sn_cpx_trun_syt1_c2ac2b_model_0.cif,108.94,137.9,0,293.84,0,0,229.55,0,0,0,541.05
fold_7_snap47_fl_stx3_sn_syb2_sn_cpx_trun_syt1_c2ac2b_model_0.cif,430.89,72.32,0,637.56,0,0,0,0,62.93,0,0
fold_8_snap47_fl_stx3_sn_syb2_sn_cpx_trun_syt1_c2ac2b_model_0.cif,284.78,255.66,0,377.65,0,0,244.56,0,0,0,213.29
fold_9_snap47_fl_stx3_sn_syb2_sn_cpx_trun_syt1_c2ac2b_model_0.cif,0,88.82,0,406.2,0,0,246.2,0,0,0,601.65
fold_16_2025_05_23_09_46_model_0.cif,46.87,204.61,0,352.22,0,0,226.2,0,0,0,622.7
fold_17_2025_05_23_09_46_model_0.cif,368.49,72.84,0,1151.5,17.46,37.89,0,0,4.54,0,0
fold_19_2025_05_23_09_46_model_0.cif,388.68,62.8,0,1024.9,0,34.47,0,91.24,206.01,0,0
fold_2025_05_22_13_57_2_model_0.cif,92.02,303.9,0,396.79,0,0,254.34,0,0,0,596.89
fold_2025_05_22_13_57_model_0.cif,0,0,0,298,376.41,0,229.84,0,0,0,139.67
fold_2025_05_22_13_58_10_model_0.cif,410.31,47.12,0,878.39,0,43.16,0,0,44.87,0,0
fold_2025_05_22_13_58_11_model_0.cif,451.2,107.7,0,263.58,369.02,0,0,8.25,0,0,247.67
fold_2025_05_22_13_58_12_model_0.cif,296.82,50.55,0,217.52,301.1,79.27,0,5.24,155.56,0,295.06
fold_2025_05_22_13_58_13_model_0.cif,433.83,75.43,0,369.19,351.18,0,0,59.16,220.8,0,55.23
fold_2025_05_22_13_58_14_model_0.cif,6.62,261.42,0,974.11,15.06,20.05,279.46,0,0,0,0
fold_2025_05_22_13_58_15_model_0.cif,479.73,111.1,0,843.87,0,182.39,0,38.65,195.38,0,0
fold_2025_05_22_13_58_3_model_0.cif,311.92,325.23,0,753.64,0,175.68,255.81,0,0,0,0
fold_2025_05_22_13_58_4_model_0.cif,29.95,0,0,170.88,0,0,0,110.98,206.61,0,0
fold_2025_05_22_13_58_5_model_0.cif,0,28.54,0,273.39,346.3,0,209.22,0,0,0,226.88
fold_2025_05_22_13_58_6_model_0.cif,88.26,371.89,0,376.29,12.04,0,417.79,0,73.29,0,26.89
fold_2025_05_22_13_58_7_model_0.cif,0,0,0,260.55,327.31,0,207.24,0,0,0,602.3
fold_2025_05_22_13_58_8_model_0.cif,0,0,0,282.38,324.48,0,268.64,7.99,0,0,840.44
fold_2025_05_22_13_58_9_model_0.cif,15.79,193.62,0,467.83,0,0,225.75,0,0,0,626.59
fold_2025_05_27_10_56_model_0.cif,0,0,0,390.54,0,143.73,0,0,42.39,0,0
fold_20_2025_05_23_09_46_model_0.cif,76.63,168.88,0,382.08,0,0,253.93,0,0,0,675.73
fold_21_2025_05_23_09_46_model_0.cif,340.07,236.45,0,1084.4,0,47.83,234.48,0,0,0,0
fold_22_2025_05_23_09_46_model_0.cif,90.92,294.23,0,328.94,0,0,243.66,0,0,0,401.53
fold_23_2025_05_23_09_46_model_0.cif,238.15,191.6,0,249.56,0,0,247.67,0,0,0,592.31
fold_24_2025_05_23_09_46_model_0.cif,76.49,168.21,0,308.87,0,0,208.72,0,0,0,671.27
fold_25_2025_05_23_09_47_model_0.cif,69.6,0,0,160.81,0,250.5,0,2.35,34.91,0,0
fold_26_2025_05_23_09_47_model_0.cif,0,0,0,368.23,0,0,220.62,0,0,0,494.1
fold_27_2025_05_23_09_47_model_0.cif,0,0,0,132,322.16,0,256.88,0,0,0,360.28
fold_28_2025_05_23_09_47_model_0.cif,199.25,0,112.09,817.02,0,0,0,19.91,129.4,0,0
fold_29_2025_05_23_09_47_model_0.cif,31.46,0,0,326.57,356.93,0,0,0,91.02,0,230.13
fold_30_2025_05_23_09_47_model_0.cif,313.82,0,0,889.54,149.99,0,0,0,58.22,0,0
fold_31_2025_05_27_10_42_model_0.cif,297.58,232.49,0,692.12,0,274.95,245.08,0,0,0,0
fold_32_2025_05_27_10_42_model_0.cif,0,0,0,309.25,0,0,254.59,0,0,0,394.41
fold_33_2025_05_27_10_43_model_0.cif,14.77,0,0,752.05,0,2.05,0,0,53.11,0,0
fold_34_2025_05_27_10_43_model_0.cif,49.34,208.73,0,294.51,0,0,225.42,0,0,0,534.85
fold_35_2025_05_27_10_43_model_0.cif,46.39,1.44,0,657.7,0,90.27,0,0,33.99,0,0
fold_36_2025_05_27_10_43_model_0.cif,250.13,190.52,0,220.96,0,0,234.43,0,0,0,537.68
fold_37_2025_05_27_10_43_model_0.cif,75.66,227.35,0,361.57,0,0,271.18,0,0,0,573.1
fold_38_2025_05_27_10_43_model_0.cif,333.85,245.21,0,542.52,0,31.18,242.94,0,0,0,0
fold_39_2025_05_27_10_43_model_0.cif,0,0,0,16.88,288.65,0,242.99,0,0,0,0
fold_40_2025_05_27_10_43_model_0.cif,48.92,0,0,344.77,0,202.3,0,0,40.3,0,0
fold_41_2025_05_27_10_43_model_0.cif,444.12,109.25,0,194.44,438.69,0,0,0,0,0,44.14
fold_42_2025_05_27_10_43_model_0.cif,417.01,91.18,0,301.67,250.2,0,0,0,96.35,0,145.58
fold_43_2025_05_27_10_43_model_0.cif,151.67,237.09,0,319.16,0,0,243.6,0,0,0,607.58
fold_44_2025_05_27_10_43_model_0.cif,9.51,49.14,0,320.09,0,0,266.76,0,0,0,931.41
fold_45_2025_05_27_10_44_model_0.cif,0,0,0,316.58,460.72,0,244.17,0,0,0,586.45
fold_46_2025_05_27_10_44_model_0.cif,341.88,0,213.07,429.61,0,9.79,0,69.64,42.98,0,0
fold_47_2025_05_27_10_44_model_0.cif,0,65.08,0,558.77,397.22,0,232.66,0,0,0,868.18
fold_48_02025_05_27_10_44_model_0.cif,0,114.81,0,507.51,0,0,254.49,0,0,0,598.51
fold_49_2025_05_27_10_44_model_0.cif,269.67,217.89,0,13.3,537.3,0,225.18,0,0,0,0
fold_50_2025_05_27_10_44_model_0.cif,0,0,0,268.43,0,267.67,0,0,39.56,0,0